iter	Accuracy	Logloss
0	1	0.6323036894
1	1	0.5813957901
2	1	0.5438644361
3	1	0.5098343447
4	1	0.4906342047
5	1	0.4686107914
6	1	0.4404480008
7	1	0.426529325
8	1	0.4067227229
9	1	0.3779450125
10	1	0.3588339052
11	1	0.3396092493
12	1	0.3193511166
13	1	0.3053154809
14	1	0.2972236423
15	1	0.2756795413
16	1	0.2622567349
17	1	0.2513694668
18	1	0.2364471912
19	1	0.2207648955
20	1	0.2129419545
21	1	0.2026608054
22	1	0.1943792689
23	1	0.1866257303
24	1	0.1800898004
25	1	0.1742977114
26	1	0.1703836351
27	1	0.1657578626
28	1	0.1563111567
29	1	0.1506288714
30	1	0.1459642118
31	1	0.138150992
32	1	0.1326078304
33	1	0.1295570603
34	1	0.1267534051
35	1	0.1235196405
36	1	0.1190847836
37	1	0.1170328515
38	1	0.1131387721
39	1	0.1097160047
40	1	0.1073537601
41	1	0.105023417
42	1	0.1029176191
43	1	0.09943736134
44	1	0.09713433628
45	1	0.0940080391
46	1	0.0915263792
47	1	0.08866731212
48	1	0.08697164559
49	1	0.08450237128
50	1	0.08233005925
51	1	0.08114730985
52	1	0.07957912173
53	1	0.07800341251
54	1	0.07638145438
55	1	0.07491571489
56	1	0.07326392395
57	1	0.07138124067
58	1	0.06992202156
59	1	0.06870417786
60	1	0.06747184667
61	1	0.06639957805
62	1	0.06522705287
63	1	0.06341123247
64	1	0.06186397378
65	1	0.06104726243
66	1	0.05907979623
67	1	0.05817059701
68	1	0.05721876979
69	1	0.05622238063
70	1	0.05543341635
71	1	0.05458842936
72	1	0.05372231448
73	1	0.05213072108
74	1	0.05140605953
75	1	0.05066750276
76	1	0.04985430302
77	1	0.04883692045
78	1	0.04773945981
79	1	0.04685532306
80	1	0.04647939745
81	1	0.04581292321
82	1	0.04459906289
83	1	0.04415046732
84	1	0.04350894085
85	1	0.04273108841
86	1	0.04165471885
87	1	0.04109402804
88	1	0.04067755545
89	1	0.04029679195
90	1	0.03985079936
91	1	0.03947319029
92	1	0.03903155645
93	1	0.03841890233
94	1	0.03781955708
95	1	0.03739792778
96	1	0.0368123991
97	1	0.036418537
98	1	0.03603904325
99	1	0.03567842164
100	1	0.03513407539
101	1	0.03461644157
102	1	0.03412576406
103	1	0.0336352003
104	1	0.03331797418
105	1	0.03294724641
106	1	0.03264252306
107	1	0.0324203938
108	1	0.03197366728
109	1	0.03162760718
110	1	0.03121148719
111	1	0.03079495262
112	1	0.03052180612
113	1	0.03028248373
114	1	0.03002278376
115	1	0.02976750333
116	1	0.02939503378
117	1	0.02910257982
118	1	0.02882109408
119	1	0.02858075388
120	1	0.02836393417
121	1	0.02813525947
122	1	0.02791024733
123	1	0.02770572983
124	1	0.02744152949
125	1	0.02722023465
126	1	0.02699843511
127	1	0.02678405921
128	1	0.02657974991
129	1	0.02636810257
130	1	0.02617000136
131	1	0.02596474341
132	1	0.02577257116
133	1	0.02558322298
134	1	0.02536038577
135	1	0.02514126113
136	1	0.02496080547
137	1	0.02469108358
138	1	0.02451677066
139	1	0.02434490408
140	1	0.02417543225
141	1	0.02400830503
142	1	0.02375728755
143	1	0.02359566215
144	1	0.02342754362
145	1	0.02327031519
146	1	0.02311518494
147	1	0.02296211081
148	1	0.02273095002
149	1	0.02258272513
150	1	0.0223586542
151	1	0.0222150594
152	1	0.02207330054
153	1	0.02193334229
154	1	0.02172110385
155	1	0.02158540856
156	1	0.0214514016
157	1	0.02131905133
158	1	0.02118832692
159	1	0.02105919833
160	1	0.02093163624
161	1	0.02080561205
162	1	0.02068109787
163	1	0.02055806647
164	1	0.0204364913
165	1	0.02031634643
166	1	0.02019760656
167	1	0.02008024697
168	1	0.01996424355
169	1	0.01984957271
170	1	0.01973621147
171	1	0.01962413732
172	1	0.0195133283
173	1	0.01940376295
174	1	0.01929542029
175	1	0.01918827982
176	1	0.01908232149
177	1	0.01897752571
178	1	0.0188738733
179	1	0.01877134554
180	1	0.01866992409
181	1	0.01856959102
182	1	0.0184703288
183	1	0.01837212025
184	1	0.01827494858
185	1	0.01817879736
186	1	0.0180836505
187	1	0.01798949224
188	1	0.01789630717
189	1	0.01780408019
190	1	0.01771279651
191	1	0.01762244166
192	1	0.01753300145
193	1	0.01744446199
194	1	0.01735680966
195	1	0.01727003114
196	1	0.01718411334
197	1	0.01709904348
198	1	0.01701480898
199	1	0.01693139756
200	1	0.01684879714
201	1	0.0167669959
202	1	0.01668598225
203	1	0.01660574481
204	1	0.01652627243
205	1	0.01644755419
206	1	0.01636957934
207	1	0.01629233736
208	1	0.01621581793
209	1	0.01614001092
210	1	0.01606490638
211	1	0.01599049456
212	1	0.01591676589
213	1	0.01584371096
214	1	0.01577132055
215	1	0.01569958561
216	1	0.01562849723
217	1	0.0155580467
218	1	0.01548822543
219	1	0.015419025
220	1	0.01535043715
221	1	0.01528245376
222	1	0.01521506684
223	1	0.01514826855
224	1	0.01508205121
225	1	0.01501640723
226	1	0.01495132919
227	1	0.01488680978
228	1	0.01482284182
229	1	0.01475941825
230	1	0.01469653214
231	1	0.01463417666
232	1	0.01457234512
233	1	0.01451103093
234	1	0.0144502276
235	1	0.01438992876
236	1	0.01433012816
237	1	0.01427081962
238	1	0.01421199709
239	1	0.01415365461
240	1	0.01409578631
241	1	0.01403838643
242	1	0.0139814493
243	1	0.01392496933
244	1	0.01386894102
245	1	0.01381335899
246	1	0.0137582179
247	1	0.01370351253
248	1	0.01364923772
249	1	0.01359538841
250	1	0.0135419596
251	1	0.01348894639
252	1	0.01343634394
253	1	0.01338414748
254	1	0.01333235233
255	1	0.01328095389
256	1	0.01322994759
257	1	0.01317932897
258	1	0.01312909363
259	1	0.01307923722
260	1	0.01302975546
261	1	0.01298064416
262	1	0.01293189916
263	1	0.01288351637
264	1	0.01283549178
265	1	0.01278782141
266	1	0.01274050137
267	1	0.0126935278
268	1	0.01264689691
269	1	0.01260060497
270	1	0.01255464828
271	1	0.01250902323
272	1	0.01246372623
273	1	0.01241875376
274	1	0.01237410235
275	1	0.01232976856
276	1	0.01228574903
277	1	0.01224204041
278	1	0.01219863944
279	1	0.01215554287
280	1	0.01211274752
281	1	0.01207025023
282	1	0.01202804791
283	1	0.01198613749
284	1	0.01194451597
285	1	0.01190318035
286	1	0.01186212772
287	1	0.01182135517
288	1	0.01178085985
289	1	0.01174063895
290	1	0.01170068968
291	1	0.0116610093
292	1	0.01162159511
293	1	0.01158244445
294	1	0.01154355468
295	1	0.0115049232
296	1	0.01146654745
297	1	0.0114284249
298	1	0.01139055307
299	1	0.01135292947
